<?xml version="1.0" encoding="UTF-8"?><MD_Metadata xmlns:xlink="http://www.w3.org/1999/xlink" xmlns:srv="http://www.isotc211.org/2005/srv" xmlns:gts="http://www.isotc211.org/2005/gts" xmlns:xalan="http://xml.apache.org/xalan" xmlns:gco="http://www.isotc211.org/2005/gco" xmlns:gml="http://www.opengis.net/gml" xmlns:xsi="http://www.w3.org/2001/XMLSchema-instance" xmlns="http://www.isotc211.org/2005/gmd">
    <language>
        <LanguageCode codeList="http://www.loc.gov/standards/iso639-2/php/code_list.php" codeListValue="eng" codeSpace="ISO639-2">eng</LanguageCode>
    </language>
    <characterSet>
        <MD_CharacterSetCode codeList="http://www.isotc211.org/2005/resources/Codelist/gmxCodelists.xml#MD_CharacterSetCode" codeListValue="utf8" codeSpace="ISOTC211/19115">utf8</MD_CharacterSetCode>
    </characterSet>
    <hierarchyLevel>
        <MD_ScopeCode codeList="http://www.isotc211.org/2005/resources/Codelist/gmxCodelists.xml#MD_ScopeCode" codeListValue="dataset" codeSpace="ISOTC211/19115">dataset</MD_ScopeCode>
    </hierarchyLevel>
    <hierarchyLevelName>
        <gco:CharacterString>dataset</gco:CharacterString>
    </hierarchyLevelName>
    <contact gco:nilReason="missing"/>
    <dateStamp>
        <gco:Date>2017-04-12</gco:Date>
    </dateStamp>
    <metadataStandardName>
        <gco:CharacterString>ISO 19139 Geographic Information - Metadata - Implementation Specification</gco:CharacterString>
    </metadataStandardName>
    <metadataStandardVersion>
        <gco:CharacterString>2007</gco:CharacterString>
    </metadataStandardVersion>
    <spatialRepresentationInfo>
        <MD_VectorSpatialRepresentation>
            <topologyLevel>
                <MD_TopologyLevelCode codeList="http://www.isotc211.org/2005/resources/Codelist/gmxCodelists.xml#MD_TopologyLevelCode" codeListValue="fullPlanarGraph" codeSpace="ISOTC211/19115">fullPlanarGraph</MD_TopologyLevelCode>
            </topologyLevel>
            <geometricObjects>
                <MD_GeometricObjects>
                    <geometricObjectType>
                        <MD_GeometricObjectTypeCode codeList="http://www.isotc211.org/2005/resources/Codelist/gmxCodelists.xml#MD_GeometricObjectTypeCode" codeListValue="composite" codeSpace="ISOTC211/19115">composite</MD_GeometricObjectTypeCode>
                    </geometricObjectType>
                    <geometricObjectCount>
                        <gco:Integer>16</gco:Integer>
                    </geometricObjectCount>
                </MD_GeometricObjects>
            </geometricObjects>
        </MD_VectorSpatialRepresentation>
    </spatialRepresentationInfo>
    <referenceSystemInfo>
        <MD_ReferenceSystem>
            <referenceSystemIdentifier>
                <RS_Identifier>
                    <code>
                        <gco:CharacterString>4326</gco:CharacterString>
                    </code>
                    <codeSpace>
                        <gco:CharacterString>EPSG</gco:CharacterString>
                    </codeSpace>
                    <version>
                        <gco:CharacterString>8.6.2</gco:CharacterString>
                    </version>
                </RS_Identifier>
            </referenceSystemIdentifier>
        </MD_ReferenceSystem>
    </referenceSystemInfo>
    <identificationInfo>
        <MD_DataIdentification>
            <citation>
                <CI_Citation>
                    <title>
                        <gco:CharacterString>Aires protégées </gco:CharacterString>
                    </title>
                    <date gco:nilReason="missing"/>
                    <citedResponsibleParty>
                        <CI_ResponsibleParty>
                            <individualName>
                                <gco:CharacterString>Jean Albert Ngoma</gco:CharacterString>
                            </individualName>
                            <organisationName>
                                <gco:CharacterString>MEFDD</gco:CharacterString>
                            </organisationName>
                            <positionName>
                                <gco:CharacterString>Chef de service des inventaires et de l'Aménagement des forêts</gco:CharacterString>
                            </positionName>
                            <contactInfo>
                                <CI_Contact>
                                    <phone>
                                        <CI_Telephone>
                                            <voice>
                                                <gco:CharacterString>(+242)055236676</gco:CharacterString>
                                            </voice>
                                        </CI_Telephone>
                                    </phone>
                                    <address>
                                        <CI_Address>
                                            <deliveryPoint>
                                                <gco:CharacterString>/</gco:CharacterString>
                                            </deliveryPoint>
                                            <city>
                                                <gco:CharacterString>Brazzaville</gco:CharacterString>
                                            </city>
                                            <administrativeArea>
                                                <gco:CharacterString>/</gco:CharacterString>
                                            </administrativeArea>
                                            <postalCode>
                                                <gco:CharacterString>/</gco:CharacterString>
                                            </postalCode>
                                            <country>
                                                <Country codeList="http://www.iso.org/iso/country_codes/iso_3166_code_lists.htm" codeListValue="CG" codeSpace="ISO3166-1">CG</Country>
                                            </country>
                                            <electronicMailAddress>
                                                <gco:CharacterString>jangoma2005@yahoo.fr</gco:CharacterString>
                                            </electronicMailAddress>
                                        </CI_Address>
                                    </address>
                                </CI_Contact>
                            </contactInfo>
                        </CI_ResponsibleParty>
                    </citedResponsibleParty>
                    <presentationForm>
                        <CI_PresentationFormCode codeList="http://www.isotc211.org/2005/resources/Codelist/gmxCodelists.xml#CI_PresentationFormCode" codeListValue="mapDigital" codeSpace="ISOTC211/19115">mapDigital</CI_PresentationFormCode>
                    </presentationForm>
                    <otherCitationDetails>
                        <gco:CharacterString>Aires protégées : Donnée publiées par l'Atlas Forestier de la République du Congo, téléchargée  le {date}, {url}</gco:CharacterString>
                    </otherCitationDetails>
                </CI_Citation>
            </citation>
            <abstract>
                <gco:CharacterString>Ce thème regroupe les limites géographiques du réseau des Aires Protégées en République du Congo, composées de parcs nationaux, réserves de la biosphère, réserves de faune, réserves forestières, réserves communautaires, domaines de chasse, et sanctuaires à gorilles et à chimpanzés. Ce sont les informations les plus récentes disponibles sur les limites des diverses zones forestières réservées à la conservation de la biodiversité et à la gestion de la faune. Les données cartographiques originales ont été produites par WRI, le Ministère de l'Economie Forestière du Développement Durable et de l'Environnement (MEFDDE), et le Centre Nationale d'Inventaire et d'Aménagement Forestier (CNIAF), dans le cadre d'un projet conjoint financé par l'Organisation Internationale des Bois Tropicaux (OIBT). Celles-ci ont été mises à jour par le Projet WRI-MEFDDE/CARPE, pour produire un Atlas Forestier Interactif du Congo: version 1.0. Conformément aux dispositions du décret portant création et définition du sanctuaire de la Lossi, le Projet WRI -MEFDDE/CARPE a eu à modifier les limites géographiques de celui-ci, ainsi que la limite de la partie sud de la réserve de la biosphère de Dimonika, afin d'actualiser le fichier des aires protégées dans le cadre de la production de la version 2.0 de l’Atlas Interactif du Congo. La Loi 37-2008 du 28 Novembre 2008 sur la faune et les aires protégées fixe les principes fondamentaux et les conditions générales de conservation et de gestion durable de la faune, des habitats et des écosystèmes en République du Congo. Les aires protégées émanent du décret pris en conseil de ministres et sont classées sous forme de parcs nationaux, réserves naturelles intégrales, réserves de faune, réserves spéciales ou sanctuaires, des zones d'intérêts cynégétiques. Les aires protégées sont placées sous le contrôle de l'Etat quelques soit leur statut; les populations, les collectivités territoriales, les opérateurs privés, les associations et ONG compétentes, contribuent à la gestion durables de la faune en République du Congo. Dans les aires protégées et les espaces naturels accessibles au public, des activités touristiques liées à l'observation de la faune et de ses habitats sont organisées par les opérateurs publics ou privés, conformément aux textes en vigueur.</gco:CharacterString>
            </abstract>
            <purpose>
                <gco:CharacterString>Limites des aires protégées </gco:CharacterString>
            </purpose>
            <credit>
                <gco:CharacterString>Ce jeu de données est produit par le Ministère de l'Economie Forestière (MEF),WRI et le Centre Nationale d'Inventaire et d'Aménagement des ressources Forestières et Fauniques (CNIAF) dans le cadre d'un projet conjoint financé par l'Organisation Internationale des Bois Tropicaux (OIBT). </gco:CharacterString>
            </credit>
            <pointOfContact>
                <CI_ResponsibleParty>
                    <individualName>
                        <gco:CharacterString>Matthew Steil</gco:CharacterString>
                    </individualName>
                    <organisationName>
                        <gco:CharacterString>World Resources Institute</gco:CharacterString>
                    </organisationName>
                    <positionName>
                        <gco:CharacterString>GFW Aftica Manager</gco:CharacterString>
                    </positionName>
                    <contactInfo>
                        <CI_Contact>
                            <phone>
                                <CI_Telephone>
                                    <voice>
                                        <gco:CharacterString>+ 1 (202) 729 - 7765</gco:CharacterString>
                                    </voice>
                                </CI_Telephone>
                            </phone>
                            <address>
                                <CI_Address>
                                    <deliveryPoint>
                                        <gco:CharacterString>10 G St NE, Suite 800</gco:CharacterString>
                                    </deliveryPoint>
                                    <city>
                                        <gco:CharacterString>Washington</gco:CharacterString>
                                    </city>
                                    <administrativeArea>
                                        <gco:CharacterString>DC</gco:CharacterString>
                                    </administrativeArea>
                                    <postalCode>
                                        <gco:CharacterString>20002</gco:CharacterString>
                                    </postalCode>
                                    <country>
                                        <Country codeList="http://www.iso.org/iso/country_codes/iso_3166_code_lists.htm" codeListValue="US" codeSpace="ISO3166-1">US</Country>
                                    </country>
                                    <electronicMailAddress>
                                        <gco:CharacterString>Msteil@wri.org</gco:CharacterString>
                                    </electronicMailAddress>
                                </CI_Address>
                            </address>
                        </CI_Contact>
                    </contactInfo>
                </CI_ResponsibleParty>
            </pointOfContact>
            <resourceMaintenance>
                <MD_MaintenanceInformation>
                    <maintenanceAndUpdateFrequency gco:nilReason="missing"/>
                    <userDefinedMaintenanceFrequency>
                        <gts:TM_PeriodDuration>Les mises à jours sont faites progressivement dès que l'information est disponible.</gts:TM_PeriodDuration>
                    </userDefinedMaintenanceFrequency>
                </MD_MaintenanceInformation>
            </resourceMaintenance>
            <descriptiveKeywords>
                <MD_Keywords>
                    <keyword>
                        <gco:CharacterString>Afrique Centrale</gco:CharacterString>
                    </keyword>
                    <keyword>
                        <gco:CharacterString> Bassin du Congo</gco:CharacterString>
                    </keyword>
                    <keyword>
                        <gco:CharacterString> République  du Congo</gco:CharacterString>
                    </keyword>
                    <keyword>
                        <gco:CharacterString> Central Africa</gco:CharacterString>
                    </keyword>
                    <keyword>
                        <gco:CharacterString> Congo Basin</gco:CharacterString>
                    </keyword>
                    <keyword>
                        <gco:CharacterString>  Republic of Congo</gco:CharacterString>
                    </keyword>
                    <type>
                        <MD_KeywordTypeCode codeList="http://www.isotc211.org/2005/resources/Codelist/gmxCodelists.xml#MD_KeywordTypeCode" codeListValue="place" codeSpace="ISOTC211/19115">place</MD_KeywordTypeCode>
                    </type>
                </MD_Keywords>
            </descriptiveKeywords>
            <descriptiveKeywords>
                <MD_Keywords>
                    <keyword>
                        <gco:CharacterString>Afrique Centrale</gco:CharacterString>
                    </keyword>
                    <keyword>
                        <gco:CharacterString> Bassin du Congo</gco:CharacterString>
                    </keyword>
                    <keyword>
                        <gco:CharacterString> République  du Congo</gco:CharacterString>
                    </keyword>
                    <keyword>
                        <gco:CharacterString> Central Africa</gco:CharacterString>
                    </keyword>
                    <keyword>
                        <gco:CharacterString> Congo Basin</gco:CharacterString>
                    </keyword>
                    <keyword>
                        <gco:CharacterString>  Republic of Congo</gco:CharacterString>
                    </keyword>
                    <type>
                        <MD_KeywordTypeCode codeList="http://www.isotc211.org/2005/resources/Codelist/gmxCodelists.xml#MD_KeywordTypeCode" codeListValue="place" codeSpace="ISOTC211/19115">place</MD_KeywordTypeCode>
                    </type>
                </MD_Keywords>
            </descriptiveKeywords>
            <descriptiveKeywords>
                <MD_Keywords>
                    <keyword>
                        <gco:CharacterString>Afrique Centrale</gco:CharacterString>
                    </keyword>
                    <keyword>
                        <gco:CharacterString> Bassin du Congo</gco:CharacterString>
                    </keyword>
                    <keyword>
                        <gco:CharacterString> République  du Congo</gco:CharacterString>
                    </keyword>
                    <keyword>
                        <gco:CharacterString> Central Africa</gco:CharacterString>
                    </keyword>
                    <keyword>
                        <gco:CharacterString> Congo Basin</gco:CharacterString>
                    </keyword>
                    <keyword>
                        <gco:CharacterString>  Republic of Congo</gco:CharacterString>
                    </keyword>
                    <type>
                        <MD_KeywordTypeCode codeList="http://www.isotc211.org/2005/resources/Codelist/gmxCodelists.xml#MD_KeywordTypeCode" codeListValue="place" codeSpace="ISOTC211/19115">place</MD_KeywordTypeCode>
                    </type>
                </MD_Keywords>
            </descriptiveKeywords>
            <descriptiveKeywords>
                <MD_Keywords>
                    <keyword>
                        <gco:CharacterString>Afrique Centrale</gco:CharacterString>
                    </keyword>
                    <keyword>
                        <gco:CharacterString> Bassin du Congo</gco:CharacterString>
                    </keyword>
                    <keyword>
                        <gco:CharacterString> République  du Congo</gco:CharacterString>
                    </keyword>
                    <keyword>
                        <gco:CharacterString> Central Africa</gco:CharacterString>
                    </keyword>
                    <keyword>
                        <gco:CharacterString> Congo Basin</gco:CharacterString>
                    </keyword>
                    <keyword>
                        <gco:CharacterString>  Republic of Congo</gco:CharacterString>
                    </keyword>
                    <type>
                        <MD_KeywordTypeCode codeList="http://www.isotc211.org/2005/resources/Codelist/gmxCodelists.xml#MD_KeywordTypeCode" codeListValue="place" codeSpace="ISOTC211/19115">place</MD_KeywordTypeCode>
                    </type>
                </MD_Keywords>
            </descriptiveKeywords>
            <descriptiveKeywords>
                <MD_Keywords>
                    <keyword>
                        <gco:CharacterString>Afrique Centrale</gco:CharacterString>
                    </keyword>
                    <keyword>
                        <gco:CharacterString> Bassin du Congo</gco:CharacterString>
                    </keyword>
                    <keyword>
                        <gco:CharacterString> République  du Congo</gco:CharacterString>
                    </keyword>
                    <keyword>
                        <gco:CharacterString> Central Africa</gco:CharacterString>
                    </keyword>
                    <keyword>
                        <gco:CharacterString> Congo Basin</gco:CharacterString>
                    </keyword>
                    <keyword>
                        <gco:CharacterString>  Republic of Congo</gco:CharacterString>
                    </keyword>
                    <type>
                        <MD_KeywordTypeCode codeList="http://www.isotc211.org/2005/resources/Codelist/gmxCodelists.xml#MD_KeywordTypeCode" codeListValue="place" codeSpace="ISOTC211/19115">place</MD_KeywordTypeCode>
                    </type>
                </MD_Keywords>
            </descriptiveKeywords>
            <descriptiveKeywords>
                <MD_Keywords>
                    <keyword>
                        <gco:CharacterString>Afrique Centrale</gco:CharacterString>
                    </keyword>
                    <keyword>
                        <gco:CharacterString> Bassin du Congo</gco:CharacterString>
                    </keyword>
                    <keyword>
                        <gco:CharacterString> République  du Congo</gco:CharacterString>
                    </keyword>
                    <keyword>
                        <gco:CharacterString> Central Africa</gco:CharacterString>
                    </keyword>
                    <keyword>
                        <gco:CharacterString> Congo Basin</gco:CharacterString>
                    </keyword>
                    <keyword>
                        <gco:CharacterString>  Republic of Congo</gco:CharacterString>
                    </keyword>
                    <type>
                        <MD_KeywordTypeCode codeList="http://www.isotc211.org/2005/resources/Codelist/gmxCodelists.xml#MD_KeywordTypeCode" codeListValue="place" codeSpace="ISOTC211/19115">place</MD_KeywordTypeCode>
                    </type>
                </MD_Keywords>
            </descriptiveKeywords>
            <descriptiveKeywords>
                <MD_Keywords>
                    <keyword>
                        <gco:CharacterString>Downloadable Data</gco:CharacterString>
                    </keyword>
                    <thesaurusName uuidref="723f6998-058e-11dc-8314-0800200c9a66"/>
                </MD_Keywords>
            </descriptiveKeywords>
            <resourceConstraints>
                <MD_Constraints>
                    <useLimitation>
                        <gco:CharacterString>CC-by-4.0 international</gco:CharacterString>
                    </useLimitation>
                </MD_Constraints>
            </resourceConstraints>
            <resourceConstraints>
                <MD_LegalConstraints>
                    <useLimitation>
                        <gco:CharacterString>Creative Commons Attribution 4.0 License international (CC-BY-4.0)</gco:CharacterString>
                    </useLimitation>
                </MD_LegalConstraints>
            </resourceConstraints>
            <spatialRepresentationType>
                <MD_SpatialRepresentationTypeCode codeList="http://www.isotc211.org/2005/resources/Codelist/gmxCodelists.xml#MD_SpatialRepresentationTypeCode" codeListValue="vector" codeSpace="ISOTC211/19115">vector</MD_SpatialRepresentationTypeCode>
            </spatialRepresentationType>
            <language>
                <LanguageCode codeList="http://www.loc.gov/standards/iso639-2/php/code_list.php" codeListValue="fre" codeSpace="ISO639-2">fre</LanguageCode>
            </language>
            <characterSet>
                <MD_CharacterSetCode codeList="http://www.isotc211.org/2005/resources/Codelist/gmxCodelists.xml#MD_CharacterSetCode" codeListValue="utf8" codeSpace="ISOTC211/19115">utf8</MD_CharacterSetCode>
            </characterSet>
            <environmentDescription>
                <gco:CharacterString> Version 6.2 (Build 9200) ; Esri ArcGIS 10.3.1.4959</gco:CharacterString>
            </environmentDescription>
            <extent>
                <EX_Extent>
                    <description>
                        <gco:CharacterString>Cette couche couvre tout le pays</gco:CharacterString>
                    </description>
                </EX_Extent>
            </extent>
            <extent>
                <EX_Extent>
                    <geographicElement>
                        <EX_GeographicBoundingBox>
                            <extentTypeCode>
                                <gco:Boolean>true</gco:Boolean>
                            </extentTypeCode>
                            <westBoundLongitude>
                                <gco:Decimal>11.049434</gco:Decimal>
                            </westBoundLongitude>
                            <eastBoundLongitude>
                                <gco:Decimal>17.531449</gco:Decimal>
                            </eastBoundLongitude>
                            <southBoundLatitude>
                                <gco:Decimal>-4.582523</gco:Decimal>
                            </southBoundLatitude>
                            <northBoundLatitude>
                                <gco:Decimal>3.039175</gco:Decimal>
                            </northBoundLatitude>
                        </EX_GeographicBoundingBox>
                    </geographicElement>
                </EX_Extent>
            </extent>
        </MD_DataIdentification>
    </identificationInfo>
    <distributionInfo>
        <MD_Distribution>
            <distributionFormat>
                <MD_Format>
                    <name>
                        <gco:CharacterString>SDE Feature Class</gco:CharacterString>
                    </name>
                    <version gco:nilReason="missing"/>
                </MD_Format>
            </distributionFormat>
        </MD_Distribution>
    </distributionInfo>
    <dataQualityInfo>
        <DQ_DataQuality>
            <scope gco:nilReason="missing"/>
            <lineage>
                <LI_Lineage>
                    <source>
                        <LI_Source>
                            <description>
                                <gco:CharacterString>Données originales, créées dans le cadre du projet OIBT (WRI-CNIAF) — numéri- sées sur la base des images Landsat, cartes topographiques nationales (IGN, CERGEC) et documents of ciels de classement</gco:CharacterString>
                            </description>
                        </LI_Source>
                    </source>
                </LI_Lineage>
            </lineage>
        </DQ_DataQuality>
    </dataQualityInfo>
</MD_Metadata>
